{
    "VanillaLM": [
        950.8823892244349,
        Infinity,
        Infinity,
        450.4946502958722
    ],
    "LaplaceLM": [
        968.7404477720625,
        4210.835103326405,
        31259.873497648772,
        3016.679004897078
    ],
    "UnkLM": [
        956.4026874268942,
        1212.5970809409203,
        1365.3826619855631,
        2142.2755889233404
    ]
}