{
    "VanillaLM": [
        Infinity,
        Infinity,
        Infinity,
        Infinity
    ],
    "LaplaceLM": [
        8354.611211081245,
        9615.341605068572,
        22976.010239672833,
        5268.141637377906
    ],
    "UnkLM": [
        5603.243573051044,
        5965.044209476701,
        10951.59678515243,
        3515.697450818084
    ]
}